{
  "required": true,
  "package": "dev.zprestige.prestige.api.mixin",
  "compatibilityLevel": "JAVA_17",
  "client": [
    "IHandledScreen",
    "IKeyBinding",
    "ILivingEntity",
    "IMinecraftClient",
    "IMouse",
    "IPlayerInteractEntityC2SPacket",
    "IShaderProgram",
    "IWorld",
    "IWorldRenderer",
    "MixinCamera",
    "MixinClientConnection",
    "MixinClientPlayerEntity",
    "MixinClientPlayNetworkHandler",
    "MixinClientWorld",
    "MixinDownloadingTerrainScreen",
    "MixinEntity",
    "MixinEntityRenderDispatcher",
    "MixinEntityRenderer",
    "MixinExplosion",
    "MixinGameRenderer",
    "MixinHeldItemRenderer",
    "MixinInGameHud",
    "MixinInGameOverlayRenderer",
    "MixinItemStack",
    "MixinKeyboard",
    "MixinLightmapTextureManager",
    "MixinLivingEntity",
    "MixinMain",
    "MixinMinecraft",
    "MixinParticleManager",
    "MixinPlayerEntity",
    "MixinRaycastContext",
    "MixinScreen",
    "MixinShaderProgram",
    "MixinTextVisitFactory",
    "MixinVec3d",
    "TitleScreenMixin",
    "MixinWorldRenderer"
  ],
  "injectors": {
    "defaultRequire": 1
  },
  "refmap": "new-refmap.json"
}