{
  "blend": {
    "func": "add",
    "srcrgb": "srcalpha",
    "dstrgb": "1-srcalpha"
  },
  "vertex": "position",
  "fragment": "prestige:gradientglow",
  "attributes": [],
  "samplers": [
  ],
  "uniforms": [
    { "name": "ModelViewMat", "type": "matrix4x4", "count": 16, "values": [ 1.0, 0.0, 0.0, 0.0, 0.0, 1.0, 0.0, 0.0, 0.0, 0.0, 1.0, 0.0, 0.0, 0.0, 0.0, 1.0 ] },
    { "name": "ProjMat", "type": "matrix4x4", "count": 16, "values": [ 1.0, 0.0, 0.0, 0.0, 0.0, 1.0, 0.0, 0.0, 0.0, 0.0, 1.0, 0.0, 0.0, 0.0, 0.0, 1.0 ] },
    { "name": "color1", "type": "float", "count": 4, "values": [ 1.0, 1.0, 1.0, 1.0 ] },
    { "name": "color2", "type": "float", "count": 4, "values": [ 1.0, 1.0, 1.0, 1.0 ] },
    { "name": "color3", "type": "float", "count": 4, "values": [ 1.0, 1.0, 1.0, 1.0 ] },
    { "name": "color4", "type": "float", "count": 4, "values": [ 1.0, 1.0, 1.0, 1.0 ] },
    { "name": "uSize", "type": "float", "count": 2, "values": [ 1.0, 1.0 ] },
    { "name": "uLocation", "type": "float", "count": 2, "values": [ 1.0, 1.0 ] },
    { "name": "radius", "type": "float", "count": 1, "values": [ 1.0] },
    { "name": "softness", "type": "float", "count": 1, "values": [ 1.0] }
  ]
}
